Ingredients,Category,,1,2,3,4,5,6,7,8,9,10,20
salt,9,,fruit,vegetable,meat/fish,grain,dairy,vitamin,flavor/color,additive,seasoning,oil,other
water,20,,,,,,,,,,,,
sugar,9,,,,,,,,,,,,
citric acid,8,,,,,,,,,,,,
riboflavin,6,,,,,,,,,,,,
folic acid,6,,,,,,,,,,,,
thiamine mononitrate,6,,,,,,,,,,,,
niacin,6,,,,,,,,,,,,
natural flavor,7,,,,,,,,,,,,
soy lecithin,8,,,,,,,,,,,,
spices,9,,,,,,,,,,,,
wheat flour,4,,,,,,,,,,,,
corn syrup,8,,,,,,,,,,,,
soybean oil,10,,,,,,,,,,,,
dextrose,8,,,,,,,,,,,,
xanthan gum,8,,,,,,,,,,,,
enzymes,5,,,,,,,,,,,,
milk,5,,,,,,,,,,,,
natural flavors,7,,,,,,,,,,,,
maltodextrin,8,,,,,,,,,,,,
high fructose corn syrup,8,,,,,,,,,,,,
reduced iron,6,,,,,,,,,,,,
ascorbic acid,8,,,,,,,,,,,,
garlic,9,,,,,,,,,,,,
sea salt,9,,,,,,,,,,,,
potassium sorbate,8,,,,,,,,,,,,
onion,2,,,,,,,,,,,,
caramel color,7,,,,,,,,,,,,
whey,5,,,,,,,,,,,,
guar gum,8,,,,,,,,,,,,
vinegar,20,,,,,,,,,,,,
cheese culture,5,,,,,,,,,,,,
color,7,,,,,,,,,,,,
yeast,8,,,,,,,,,,,,
cream,5,,,,,,,,,,,,
modified corn starch,8,,,,,,,,,,,,
canola oil,10,,,,,,,,,,,,
corn starch,8,,,,,,,,,,,,
garlic powder,9,,,,,,,,,,,,
sodium phosphate,8,,,,,,,,,,,,
carrageenan,8,,,,,,,,,,,,
soybean,2,,,,,,,,,,,,
vegetable oil,10,,,,,,,,,,,,
iron,6,,,,,,,,,,,,
preservative,8,,,,,,,,,,,,
sodium benzoate,8,,,,,,,,,,,,
baking soda,8,,,,,,,,,,,,
onion powder,9,,,,,,,,,,,,
natural and artificial flavors,7,,,,,,,,,,,,
palm oil,10,,,,,,,,,,,,
vitamin a palmitate,6,,,,,,,,,,,,
artificial flavor,7,,,,,,,,,,,,
vitamin c,6,,,,,,,,,,,,
spice,9,,,,,,,,,,,,
lactic acid,20,,,,,,,,,,,,
modified food starch,8,,,,,,,,,,,,
natural and artificial flavor,7,,,,,,,,,,,,
vitamin b2,6,,,,,,,,,,,,
sodium citrate,8,,,,,,,,,,,,
vitamin b1,6,,,,,,,,,,,,
tomato paste,2,,,,,,,,,,,,
sodium bicarbonate,8,,,,,,,,,,,,
wheat,4,,,,,,,,,,,,
leavening,8,,,,,,,,,,,,
paprika,9,,,,,,,,,,,,
red 40,7,,,,,,,,,,,,
nonfat milk,5,,,,,,,,,,,,
yeast extract,8,,,,,,,,,,,,
mono and diglyceride,8,,,,,,,,,,,,
sunflower oil,10,,,,,,,,,,,,
sucralose,8,,,,,,,,,,,,
yellow 5,7,,,,,,,,,,,,
cocoa butter,8,,,,,,,,,,,,
egg,20,,,,,,,,,,,,
calcium chloride,8,,,,,,,,,,,,
corn,2,,,,,,,,,,,,
honey,20,,,,,,,,,,,,
niacinamide,6,,,,,,,,,,,,
pasteurized milk,5,,,,,,,,,,,,
ferrous sulfate,6,,,,,,,,,,,,
monosodium glutamate,9,,,,,,,,,,,,
malted barley flour,4,,,,,,,,,,,,
monocalcium phosphate,6,,,,,,,,,,,,
molasses,20,,,,,,,,,,,,
carrot,2,,,,,,,,,,,,
enriched flour,5,,,,,,,,,,,,
distilled vinegar,20,,,,,,,,,,,,
gelatin,8,,,,,,,,,,,,
calcium carbonate,6,,,,,,,,,,,,
butter,5,,,,,,,,,,,,
enriched wheat flour,4,,,,,,,,,,,,
annatto,7,,,,,,,,,,,,
pyridoxine hydrochloride,8,,,,,,,,,,,,
skim milk,5,,,,,,,,,,,,
tomato,2,,,,,,,,,,,,
turmeric,2,,,,,,,,,,,,
brown sugar,9,,,,,,,,,,,,
cellulose gum,8,,,,,,,,,,,,
flavoring,7,,,,,,,,,,,,
artificial color,7,,,,,,,,,,,,
filtered water,20,,,,,,,,,,,,
blue 1,7,,,,,,,,,,,,
pectin,8,,,,,,,,,,,,
canola,10,,,,,,,,,,,,
sodium nitrite,8,,,,,,,,,,,,
corn syrup solid,8,,,,,,,,,,,,
vitamin b6,6,,,,,,,,,,,,
cottonseed oil,10,,,,,,,,,,,,
malic acid,8,,,,,,,,,,,,
vitamin b12,6,,,,,,,,,,,,
sodium acid pyrophosphate,8,,,,,,,,,,,,
partially hydrogenated soybean oil,10,,,,,,,,,,,,
vitamin d3,6,,,,,,,,,,,,
cornstarch,8,,,,,,,,,,,,
cocoa processed with alkali,20,,,,,,,,,,,,
silicon dioxide,8,,,,,,,,,,,,
sorbic acid,8,,,,,,,,,,,,
disodium inosinate,8,,,,,,,,,,,,
rice flour,4,,,,,,,,,,,,
beef,3,,,,,,,,,,,,
yellow 6,7,,,,,,,,,,,,
calcium sulfate,8,,,,,,,,,,,,
acesulfame potassium,8,,,,,,,,,,,,
pork,3,,,,,,,,,,,,
locust bean gum,8,,,,,,,,,,,,
soy flour,4,,,,,,,,,,,,
black pepper,9,,,,,,,,,,,,
tomato puree,2,,,,,,,,,,,,
wheat gluten,4,,,,,,,,,,,,
almond,1,,,,,,,,,,,,
cheddar cheese,5,,,,,,,,,,,,
whey protein concentrate,5,,,,,,,,,,,,
dehydrated onion,2,,,,,,,,,,,,
flour,4,,,,,,,,,,,,
soy,2,,,,,,,,,,,,
cinnamon,20,,,,,,,,,,,,
potato starch,8,,,,,,,,,,,,
peanut,1,,,,,,,,,,,,
calcium disodium edta,8,,,,,,,,,,,,
emulsifier,8,,,,,,,,,,,,
potassium chloride,8,,,,,,,,,,,,
calcium propionate,8,,,,,,,,,,,,
beta carotene,6,,,,,,,,,,,,
disodium guanylate,8,,,,,,,,,,,,
glycerin,8,,,,,,,,,,,,
titanium dioxide,8,,,,,,,,,,,,
nonfat dry milk,5,,,,,,,,,,,,
sodium caseinate,8,,,,,,,,,,,,
parsley,2,,,,,,,,,,,,
potato,2,,,,,,,,,,,,
preservatives,8,,,,,,,,,,,,
bleached wheat flour,4,,,,,,,,,,,,
bht,8,,,,,,,,,,,,
egg yolk,20,,,,,,,,,,,,
palm,10,,,,,,,,,,,,
sodium erythorbate,8,,,,,,,,,,,,
egg white,20,,,,,,,,,,,,
celery,2,,,,,,,,,,,,
cottonseed,10,,,,,,,,,,,,
cocoa,20,,,,,,,,,,,,
wheat starch,4,,,,,,,,,,,,
buttermilk,5,,,,,,,,,,,,
culture,5,,,,,,,,,,,,
mono- and diglyceride,8,,,,,,,,,,,,
carbonated water,20,,,,,,,,,,,,
fructose,8,,,,,,,,,,,,
corn oil,10,,,,,,,,,,,,
autolyzed yeast extract,8,,,,,,,,,,,,
disodium phosphate,8,,,,,,,,,,,,
chocolate liquor,20,,,,,,,,,,,,
zinc oxide,6,,,,,,,,,,,,
lemon juice concentrate,1,,,,,,,,,,,,
sodium stearoyl lactylate,8,,,,,,,,,,,,
dehydrated garlic,9,,,,,,,,,,,,
olive oil,10,,,,,,,,,,,,
vanilla,20,,,,,,,,,,,,
sodium aluminum phosphate,8,,,,,,,,,,,,
whole wheat flour,4,,,,,,,,,,,,
vitamin e,6,,,,,,,,,,,,
cane sugar,20,,,,,,,,,,,,
coconut oil,10,,,,,,,,,,,,
sodium ascorbate,8,,,,,,,,,,,,
tricalcium phosphate,8,,,,,,,,,,,,
apple,1,,,,,,,,,,,,
cellulose,8,,,,,,,,,,,,
polysorbate 80,8,,,,,,,,,,,,
chocolate,20,,,,,,,,,,,,
lactose,5,,,,,,,,,,,,
polysorbate 60,8,,,,,,,,,,,,
baking powder,8,,,,,,,,,,,,
seasoning,9,,,,,,,,,,,,
red pepper,2,,,,,,,,,,,,
sodium diacetate,8,,,,,,,,,,,,
corn flour,4,,,,,,,,,,,,
calcium phosphate,8,,,,,,,,,,,,
sunflower,10,,,,,,,,,,,,
modified cornstarch,8,,,,,,,,,,,,
parmesan cheese,5,,,,,,,,,,,,
rice,4,,,,,,,,,,,,
milkfat,5,,,,,,,,,,,,
magnesium stearate,8,,,,,,,,,,,,
extra virgin olive oil,10,,,,,,,,,,,,
cyanocobalamin,8,,,,,,,,,,,,
phosphoric acid,8,,,,,,,,,,,,
jalapeno pepper,2,,,,,,,,,,,,
potassium citrate,8,,,,,,,,,,,,
gum arabic,8,,,,,,,,,,,,
dough conditioner,8,,,,,,,,,,,,
soy sauce,20,,,,,,,,,,,,
vanilla extract,20,,,,,,,,,,,,
strawberry,1,,,,,,,,,,,,
basil,2,,,,,,,,,,,,
red bell pepper,2,,,,,,,,,,,,
datem,8,,,,,,,,,,,,
hydrolyzed soy protein,20,,,,,,,,,,,,
soy protein isolate,20,,,,,,,,,,,,
tapioca starch,8,,,,,,,,,,,,
dried onion,2,,,,,,,,,,,,
aspartame,20,,,,,,,,,,,,
palm kernel oil,10,,,,,,,,,,,,
dipotassium phosphate,8,,,,,,,,,,,,
sorbitol,20,,,,,,,,,,,,
dried garlic,2,,,,,,,,,,,,
partially hydrogenated soybean,2,,,,,,,,,,,,
monoglyceride,8,,,,,,,,,,,,
tbhq,8,,,,,,,,,,,,
natural flavoring,7,,,,,,,,,,,,
coconut,1,,,,,,,,,,,,
chicken fat,3,,,,,,,,,,,,
whole egg,20,,,,,,,,,,,,
carnauba wax,20,,,,,,,,,,,,
pepper,9,,,,,,,,,,,,
carob bean gum,8,,,,,,,,,,,,
vanillin,20,,,,,,,,,,,,
vegetable shortening,20,,,,,,,,,,,,
silica,8,,,,,,,,,,,,
ginger,9,,,,,,,,,,,,
annatto extract,7,,,,,,,,,,,,
lemon juice,1,,,,,,,,,,,,
sesame seed,20,,,,,,,,,,,,
mustard seed,20,,,,,,,,,,,,
sodium alginate,8,,,,,,,,,,,,
lecithin,8,,,,,,,,,,,,
cultured milk,5,,,,,,,,,,,,
enriched bleached flour,4,,,,,,,,,,,,
chili pepper,2,,,,,,,,,,,,
extractive of paprika,9,,,,,,,,,,,,
milk protein concentrate,5,,,,,,,,,,,,
soy protein concentrate,20,,,,,,,,,,,,
yellow corn flour,4,,,,,,,,,,,,
thiamine hydrochloride,6,,,,,,,,,,,,
semolina,4,,,,,,,,,,,,
ammonium bicarbonate,8,,,,,,,,,,,,
bha,8,,,,,,,,,,,,
vitamin d,6,,,,,,,,,,,,
raisin,1,,,,,,,,,,,,
organic cane sugar,9,,,,,,,,,,,,
oregano,2,,,,,,,,,,,,
fumaric acid,8,,,,,,,,,,,,
purified water,20,,,,,,,,,,,,
dicalcium phosphate,6,,,,,,,,,,,,
apple juice concentrate,1,,,,,,,,,,,,
biotin,6,,,,,,,,,,,,
pineapple,1,,,,,,,,,,,,
natural smoke flavor,7,,,,,,,,,,,,
red 40 lake,7,,,,,,,,,,,,
cocoa powder,20,,,,,,,,,,,,
food starch-modified,8,,,,,,,,,,,,
flavor,7,,,,,,,,,,,,
acetic acid,20,,,,,,,,,,,,
romano cheese,5,,,,,,,,,,,,
stabilizer,8,,,,,,,,,,,,
ferric orthophosphate,6,,,,,,,,,,,,
tocopherol,8,,,,,,,,,,,,
partially hydrogenated vegetable oil,10,,,,,,,,,,,,
milk chocolate,20,,,,,,,,,,,,
annatto color,7,,,,,,,,,,,,
chicken broth,3,,,,,,,,,,,,
milk fat,5,,,,,,,,,,,,
tomato powder,2,,,,,,,,,,,,
mixed tocopherol,8,,,,,,,,,,,,
invert sugar,9,,,,,,,,,,,,
blueberry,1,,,,,,,,,,,,
cilantro,2,,,,,,,,,,,,
whey powder,5,,,,,,,,,,,,
yellow 5 lake,7,,,,,,,,,,,,
cranberry,1,,,,,,,,,,,,
potassium lactate,8,,,,,,,,,,,,
tomato juice,2,,,,,,,,,,,,
propylene glycol,8,,,,,,,,,,,,
natamycin,8,,,,,,,,,,,,
calcium pantothenate,8,,,,,,,,,,,,
inulin,8,,,,,,,,,,,,
enriched bleached wheat flour,4,,,,,,,,,,,,
oat fiber,4,,,,,,,,,,,,
enzyme,5,,,,,,,,,,,,
thiamine,6,,,,,,,,,,,,
magnesium oxide,6,,,,,,,,,,,,
margarine,5,,,,,,,,,,,,
green bean,2,,,,,,,,,,,,
powdered cellulose,20,,,,,,,,,,,,
caramel,20,,,,,,,,,,,,
lactic acid starter culture,5,,,,,,,,,,,,
spinach,2,,,,,,,,,,,,
microcrystalline cellulose,20,,,,,,,,,,,,
cashew,1,,,,,,,,,,,,
pecan,1,,,,,,,,,,,,
yellow #5,7,,,,,,,,,,,,
antioxidant,20,,,,,,,,,,,,
vitamin a,6,,,,,,,,,,,,
cellulose gel,20,,,,,,,,,,,,
yellow 6 lake,7,,,,,,,,,,,,
sucrose,20,,,,,,,,,,,,
pea,2,,,,,,,,,,,,
durum wheat semolina,4,,,,,,,,,,,,
peach,1,,,,,,,,,,,,
vitamin b3,6,,,,,,,,,,,,
spice extractive,9,,,,,,,,,,,,
stearic acid,8,,,,,,,,,,,,
evaporated cane juice,1,,,,,,,,,,,,
calcium lactate,20,,,,,,,,,,,,
soy protein,20,,,,,,,,,,,,
whey protein isolate,4,,,,,,,,,,,,
red #40,7,,,,,,,,,,,,
dextrin,20,,,,,,,,,,,,
cucumber,2,,,,,,,,,,,,
cherry,1,,,,,,,,,,,,
fruit pectin,1,,,,,,,,,,,,
potassium iodide,20,,,,,,,,,,,,
natural flavorings,7,,,,,,,,,,,,
caffeine,20,,,,,,,,,,,,
durum flour,4,,,,,,,,,,,,
corn meal,20,,,,,,,,,,,,
green bell pepper,2,,,,,,,,,,,,
sodium tripolyphosphate,8,,,,,,,,,,,,
sodium propionate,8,,,,,,,,,,,,
mustard,20,,,,,,,,,,,,
sodium hexametaphosphate,8,,,,,,,,,,,,
cumin,9,,,,,,,,,,,,
palm kernel,20,,,,,,,,,,,,
potassium benzoate,8,,,,,,,,,,,,
wheat bran,4,,,,,,,,,,,,
whole grain rolled oat,4,,,,,,,,,,,,
mushroom,2,,,,,,,,,,,,
unbleached wheat flour,4,,,,,,,,,,,,
sodium metabisulfite,8,,,,,,,,,,,,
rennet,5,,,,,,,,,,,,
paprika extract,9,,,,,,,,,,,,
azodicarbonamide,8,,,,,,,,,,,,
cultured pasteurized milk,5,,,,,,,,,,,,
safflower oil,10,,,,,,,,,,,,
chicken,3,,,,,,,,,,,,
pasteurized part-skim milk,5,,,,,,,,,,,,
s. thermophilus,5,,,,,,,,,,,,
mustard flour,4,,,,,,,,,,,,
vegetable glycerin,20,,,,,,,,,,,,
sodium bisulfite,8,,,,,,,,,,,,
oleoresin paprika,9,,,,,,,,,,,,
glucose syrup,20,,,,,,,,,,,,
l. acidophilu,5,,,,,,,,,,,,
pear,1,,,,,,,,,,,,
walnut,1,,,,,,,,,,,,
hydrolyzed corn protein,20,,,,,,,,,,,,
whole milk powder,5,,,,,,,,,,,,
peanut butter,20,,,,,,,,,,,,
fd&c yellow #5,7,,,,,,,,,,,,
broccoli,2,,,,,,,,,,,,
mechanically separated chicken,3,,,,,,,,,,,,
sunflower seed,20,,,,,,,,,,,,
cholecalciferol,8,,,,,,,,,,,,
polydextrose,8,,,,,,,,,,,,
organic garlic,9,,,,,,,,,,,,
gum acacia,8,,,,,,,,,,,,
torula yeast,8,,,,,,,,,,,,
isolated soy protein,20,,,,,,,,,,,,
organic sugar,20,,,,,,,,,,,,
fruit,1,,,,,,,,,,,,
brown rice syrup,20,,,,,,,,,,,,
organic onion,2,,,,,,,,,,,,
bread crumb,4,,,,,,,,,,,,
vegetable juice,2,,,,,,,,,,,,
confectioner's glaze,20,,,,,,,,,,,,
colors,7,,,,,,,,,,,,
blue #1,7,,,,,,,,,,,,
apple cider vinegar,20,,,,,,,,,,,,
sodium lactate,8,,,,,,,,,,,,
ammonium sulfate,8,,,,,,,,,,,,
glucose,20,,,,,,,,,,,,
tartaric acid,8,,,,,,,,,,,,
l. bulgaricus,5,,,,,,,,,,,,
diced tomato,2,,,,,,,,,,,,
sunflower lecithin,20,,,,,,,,,,,,
sorbitan monostearate,8,,,,,,,,,,,,
unbleached enriched flour,4,,,,,,,,,,,,
vital wheat gluten,4,,,,,,,,,,,,
raspberry,1,,,,,,,,,,,,
whole milk,5,,,,,,,,,,,,
orange,1,,,,,,,,,,,,
vitamin e acetate,6,,,,,,,,,,,,
rice starch,8,,,,,,,,,,,,
blue 1 lake,7,,,,,,,,,,,,
sesame oil,10,,,,,,,,,,,,
glycerine,20,,,,,,,,,,,,
yellow #6,7,,,,,,,,,,,,
sour cream,5,,,,,,,,,,,,
tomato concentrate,2,,,,,,,,,,,,
zinc,6,,,,,,,,,,,,
malt extract,4,,,,,,,,,,,,
fd&c red #40,7,,,,,,,,,,,,
peanut oil,10,,,,,,,,,,,,
potato flour,4,,,,,,,,,,,,
rolled oat,4,,,,,,,,,,,,
barley,4,,,,,,,,,,,,
sodium nitrate,8,,,,,,,,,,,,
soya lecithin,8,,,,,,,,,,,,
partially hydrogenated palm kernel oil,10,,,,,,,,,,,,
tamarind,1,,,,,,,,,,,,
alcohol,20,,,,,,,,,,,,
xanthan,8,,,,,,,,,,,,
organic evaporated cane juice,1,,,,,,,,,,,,
mono-and diglyceride,8,,,,,,,,,,,,
modified tapioca starch,8,,,,,,,,,,,,
sulfur dioxide,8,,,,,,,,,,,,
rosemary extract,8,,,,,,,,,,,,
calcium silicate,8,,,,,,,,,,,,
malt,4,,,,,,,,,,,,
red 3,7,,,,,,,,,,,,
olive,2,,,,,,,,,,,,
oat,4,,,,,,,,,,,,
maltitol,20,,,,,,,,,,,,
pasteurized part skim milk,5,,,,,,,,,,,,
calcium,6,,,,,,,,,,,,
organic spice,9,,,,,,,,,,,,
blue 2 lake,7,,,,,,,,,,,,
mono,8,,,,,,,,,,,,
whole grain wheat,4,,,,,,,,,,,,
granulated garlic,9,,,,,,,,,,,,
mononitrate,8,,,,,,,,,,,,
agar,20,,,,,,,,,,,,
thyme,2,,,,,,,,,,,,
sodium,20,,,,,,,,,,,,
blue cheese,5,,,,,,,,,,,,
grape juice concentrate,1,,,,,,,,,,,,
sauce,20,,,,,,,,,,,,
vitamin a acetate,6,,,,,,,,,,,,
natural vanilla flavor,20,,,,,,,,,,,,
barley malt,4,,,,,,,,,,,,
cheese,5,,,,,,,,,,,,
roasted peanut,1,,,,,,,,,,,,
vegetable color,7,,,,,,,,,,,,
oleoresin of paprika,9,,,,,,,,,,,,
corn maltodextrin,8,,,,,,,,,,,,
starch,8,,,,,,,,,,,,
bifidus,5,,,,,,,,,,,,
autolyzed yeast,8,,,,,,,,,,,,
anchovy,3,,,,,,,,,,,,
expeller pressed canola oil,10,,,,,,,,,,,,
safflower,10,,,,,,,,,,,,
chocolate chip,20,,,,,,,,,,,,
chili powder,9,,,,,,,,,,,,
grape,1,,,,,,,,,,,,
iodized salt,9,,,,,,,,,,,,
flavors,7,,,,,,,,,,,,
taurine,20,,,,,,,,,,,,
beta-carotene,6,,,,,,,,,,,,
l-cysteine,20,,,,,,,,,,,,
brown rice flour,4,,,,,,,,,,,,
dried cane syrup,20,,,,,,,,,,,,
modified potato starch,8,,,,,,,,,,,,
cayenne pepper,2,,,,,,,,,,,,
rosemary,2,,,,,,,,,,,,
kosher gelatin,20,,,,,,,,,,,,
medium chain triglyceride,20,,,,,,,,,,,,
mozzarella cheese,5,,,,,,,,,,,,
thiamin,6,,,,,,,,,,,,
celery seed,2,,,,,,,,,,,,
cream cheese,5,,,,,,,,,,,,
calcium caseinate,5,,,,,,,,,,,,
lemon,1,,,,,,,,,,,,
soy oil,10,,,,,,,,,,,,
textured vegetable protein,20,,,,,,,,,,,,
white wine,20,,,,,,,,,,,,
orange juice concentrate,1,,,,,,,,,,,,
zinc sulfate,6,,,,,,,,,,,,
vegetable source,2,,,,,,,,,,,,
potassium phosphate,8,,,,,,,,,,,,
clove,2,,,,,,,,,,,,
beef fat,3,,,,,,,,,,,,
manganese sulfate,6,,,,,,,,,,,,
red,7,,,,,,,,,,,,
tapioca dextrin,8,,,,,,,,,,,,
pineapple juice concentrate,1,,,,,,,,,,,,
pear juice concentrate,1,,,,,,,,,,,,
beeswax,20,,,,,,,,,,,,
organic carrot,2,,,,,,,,,,,,
whole grain oat,4,,,,,,,,,,,,
chicken stock,3,,,,,,,,,,,,
gellan gum,8,,,,,,,,,,,,
vegetable,2,,,,,,,,,,,,
brown rice,4,,,,,,,,,,,,
milk protein isolate,5,,,,,,,,,,,,
protein blend,5,,,,,,,,,,,,
vitamin d2,6,,,,,,,,,,,,
vitamin b5,6,,,,,,,,,,,,
barley malt extract,4,,,,,,,,,,,,
d-calcium pantothenate,6,,,,,,,,,,,,
turmeric extract,9,,,,,,,,,,,,
nutmeg,1,,,,,,,,,,,,
ferrous fumarate,6,,,,,,,,,,,,
sulfite,8,,,,,,,,,,,,
part-skim milk,5,,,,,,,,,,,,
acacia gum,8,,,,,,,,,,,,
palmitate,8,,,,,,,,,,,,
hazelnut,1,,,,,,,,,,,,
coriander,2,,,,,,,,,,,,
bacon,3,,,,,,,,,,,,
organic sunflower oil,10,,,,,,,,,,,,
dehydrated parsley,2,,,,,,,,,,,,
l. casei,5,,,,,,,,,,,,
cider vinegar,20,,,,,,,,,,,,
crust,4,,,,,,,,,,,,
hydrogenated vegetable oil,10,,,,,,,,,,,,
beef stock,3,,,,,,,,,,,,
rye flour,4,,,,,,,,,,,,
green pepper,2,,,,,,,,,,,,
capsule,20,,,,,,,,,,,,
natural,7,,,,,,,,,,,,
ricotta cheese,5,,,,,,,,,,,,
unbleached enriched wheat flour,4,,,,,,,,,,,,
sodium selenite,8,,,,,,,,,,,,
coloring,7,,,,,,,,,,,,
organic black pepper,9,,,,,,,,,,,,
chromium chloride,8,,,,,,,,,,,,
dark chocolate,20,,,,,,,,,,,,
popcorn,20,,,,,,,,,,,,
lemon oil,20,,,,,,,,,,,,
distilled monoglyceride,8,,,,,,,,,,,,
fd&c red 40,7,,,,,,,,,,,,
soluble corn fiber,20,,,,,,,,,,,,
buttermilk powder,20,,,,,,,,,,,,
organic wheat flour,4,,,,,,,,,,,,
orange peel,1,,,,,,,,,,,,
partially hydrogenated cottonseed oil,10,,,,,,,,,,,,
pasteurized cow's milk,5,,,,,,,,,,,,
whole grain oat flour,4,,,,,,,,,,,,
copper gluconate,8,,,,,,,,,,,,
hydrogenated soybean oil,10,,,,,,,,,,,,
parmesan,5,,,,,,,,,,,,
calcium peroxide,8,,,,,,,,,,,,
oat bran,4,,,,,,,,,,,,
malted barley,4,,,,,,,,,,,,
whole grain wheat flour,4,,,,,,,,,,,,
apricot,1,,,,,,,,,,,,
anticaking agent,8,,,,,,,,,,,,
unsweetened chocolate,20,,,,,,,,,,,,
garlic puree,9,,,,,,,,,,,,
herb,2,,,,,,,,,,,,
calcium stearate,8,,,,,,,,,,,,
lime juice,1,,,,,,,,,,,,
chicken flavor,3,,,,,,,,,,,,
cabbage,2,,,,,,,,,,,,
white pepper,2,,,,,,,,,,,,
oil,10,,,,,,,,,,,,
red wine vinegar,20,,,,,,,,,,,,
lime juice concentrate,1,,,,,,,,,,,,
crisp rice,4,,,,,,,,,,,,
banana,1,,,,,,,,,,,,
carob bean,2,,,,,,,,,,,,
high oleic sunflower oil,10,,,,,,,,,,,,
bell pepper,2,,,,,,,,,,,,
propylene glycol monoester,8,,,,,,,,,,,,
malt syrup,8,,,,,,,,,,,,
ester gum,8,,,,,,,,,,,,
hydrolyzed corn,20,,,,,,,,,,,,
smoke flavoring,7,,,,,,,,,,,,
hydrolyzed soy,20,,,,,,,,,,,,
green onion,2,,,,,,,,,,,,
methylcellulose,8,,,,,,,,,,,,
cocoa powder processed with alkali,20,,,,,,,,,,,,
nonfat milk solids,5,,,,,,,,,,,,
jalapeno,2,,,,,,,,,,,,
sodium aluminum sulfate,8,,,,,,,,,,,,
mango,1,,,,,,,,,,,,
coffee,20,,,,,,,,,,,,
cocoa mass,20,,,,,,,,,,,,
strawberry puree,1,,,,,,,,,,,,
dried whey,4,,,,,,,,,,,,
cheddar,5,,,,,,,,,,,,
durum wheat flour,4,,,,,,,,,,,,
cultured nonfat milk,5,,,,,,,,,,,,
natural butter flavor,7,,,,,,,,,,,,
fresh garlic,9,,,,,,,,,,,,
croscarmellose sodium,8,,,,,,,,,,,,
black bean,2,,,,,,,,,,,,
pure cane sugar,20,,,,,,,,,,,,
blue 2,7,,,,,,,,,,,,
artificial and natural flavor,7,,,,,,,,,,,,
vegetable magnesium stearate,8,,,,,,,,,,,,
smoke flavor,7,,,,,,,,,,,,
skim milk powder,5,,,,,,,,,,,,
buttermilk solid,,,,,,,,,,,,,
spice extract,,,,,,,,,,,,,
natural color,,,,,,,,,,,,,
sodium molybdate,,,,,,,,,,,,,
anti-caking agent,,,,,,,,,,,,,
shrimp,,,,,,,,,,,,,
dehydrated vegetable,,,,,,,,,,,,,
beet powder,,,,,,,,,,,,,
enriched flour bleached,,,,,,,,,,,,,
chicken meat,,,,,,,,,,,,,
fractionated palm kernel oil,,,,,,,,,,,,,
pea protein,,,,,,,,,,,,,
fd&c yellow 5,,,,,,,,,,,,,
rapeseed,,,,,,,,,,,,,
organic soybean,,,,,,,,,,,,,
vegetable cellulose,,,,,,,,,,,,,
organic tomato,,,,,,,,,,,,,
hydrolyzed corn gluten,,,,,,,,,,,,,
tapioca syrup,,,,,,,,,,,,,
vitamin,,,,,,,,,,,,,
roasted garlic,,,,,,,,,,,,,
modified wheat starch,,,,,,,,,,,,,
pasteurized cultured milk,,,,,,,,,,,,,
monterey jack cheese,,,,,,,,,,,,,
cream of tartar,,,,,,,,,,,,,
organic honey,,,,,,,,,,,,,
pgpr,,,,,,,,,,,,,
tetrasodium pyrophosphate,,,,,,,,,,,,,
worcestershire sauce,,,,,,,,,,,,,
adipic acid,,,,,,,,,,,,,
horseradish,,,,,,,,,,,,,
organic brown rice syrup,,,,,,,,,,,,,
beet,,,,,,,,,,,,,
lime,,,,,,,,,,,,,
magnesium phosphate,,,,,,,,,,,,,
flax seed,,,,,,,,,,,,,
oat flour,,,,,,,,,,,,,
banana puree,,,,,,,,,,,,,
alpha tocopherol acetate,,,,,,,,,,,,,
fresh onion,,,,,,,,,,,,,
rice bran,,,,,,,,,,,,,
organic vanilla extract,,,,,,,,,,,,,
butter oil,,,,,,,,,,,,,
mannitol,,,,,,,,,,,,,
propylene glycol alginate,,,,,,,,,,,,,
gum base,,,,,,,,,,,,,
stevia leaf extract,,,,,,,,,,,,,
tapioca,,,,,,,,,,,,,
modified cellulose,,,,,,,,,,,,,
shortening,,,,,,,,,,,,,
peanut flour,,,,,,,,,,,,,
magnesium chloride,,,,,,,,,,,,,
turkey,,,,,,,,,,,,,
chipotle pepper,,,,,,,,,,,,,
cauliflower,,,,,,,,,,,,,
enriched with niacin,,,,,,,,,,,,,
yeast nutrient,,,,,,,,,,,,,
xylitol,,,,,,,,,,,,,
fd&c blue #1,,,,,,,,,,,,,
organic dried cane syrup,,,,,,,,,,,,,
trisodium phosphate,,,,,,,,,,,,,
poppy seed,,,,,,,,,,,,,
natural vitamin e,,,,,,,,,,,,,
sodium sulfite,,,,,,,,,,,,,
alum,,,,,,,,,,,,,
corn protein,,,,,,,,,,,,,
balsamic vinegar,,,,,,,,,,,,,
vegetable mono and diglycerides,,,,,,,,,,,,,
powdered sugar,,,,,,,,,,,,,
pineapple juice,,,,,,,,,,,,,
enriched pasta,,,,,,,,,,,,,
rice vinegar,,,,,,,,,,,,,
potassium,,,,,,,,,,,,,
crushed tomato,,,,,,,,,,,,,
erythritol,,,,,,,,,,,,,
durum semolina,,,,,,,,,,,,,
sweet potato,,,,,,,,,,,,,
white vinegar,,,,,,,,,,,,,
acidity regulator,,,,,,,,,,,,,
cranberry juice concentrate,,,,,,,,,,,,,
organic tomato puree,,,,,,,,,,,,,
cellulose powder,,,,,,,,,,,,,
cultured cream,,,,,,,,,,,,,
fruit juice concentrate,,,,,,,,,,,,,
organic tapioca syrup,,,,,,,,,,,,,
tapioca flour,,,,,,,,,,,,,
organic onion powder,,,,,,,,,,,,,
100% arabica coffee,,,,,,,,,,,,,
fd&c yellow #6,,,,,,,,,,,,,
wine,,,,,,,,,,,,,
propyl gallate,,,,,,,,,,,,,
date,,,,,,,,,,,,,
enriched macaroni product,,,,,,,,,,,,,
millet,,,,,,,,,,,,,
organic apple,,,,,,,,,,,,,
whey protein,,,,,,,,,,,,,
stevia extract,,,,,,,,,,,,,
partially hydrogenated palm oil,,,,,,,,,,,,,
apple juice,,,,,,,,,,,,,
green tea,,,,,,,,,,,,,
mineral blend,,,,,,,,,,,,,
wheat protein,,,,,,,,,,,,,
dried cranberry,,,,,,,,,,,,,
gluten,,,,,,,,,,,,,
cultured pasteurized grade a nonfat milk,,,,,,,,,,,,,
cultured skim milk,,,,,,,,,,,,,
guanylate,,,,,,,,,,,,,
casein,,,,,,,,,,,,,
ascorbyl palmitate,,,,,,,,,,,,,
heavy cream,,,,,,,,,,,,,
chicken breast with rib meat,,,,,,,,,,,,,
rye,,,,,,,,,,,,,
chive,,,,,,,,,,,,,
hydrogenated palm oil,,,,,,,,,,,,,
mango puree,,,,,,,,,,,,,
phytonadione,,,,,,,,,,,,,
organic soy lecithin,,,,,,,,,,,,,
potassium iodate,,,,,,,,,,,,,
coating,,,,,,,,,,,,,
natural and artificial flavoring,,,,,,,,,,,,,
glycerol,,,,,,,,,,,,,
beef extract,,,,,,,,,,,,,
wine vinegar,,,,,,,,,,,,,
american cheese,,,,,,,,,,,,,
white distilled vinegar,,,,,,,,,,,,,
textured soy flour,,,,,,,,,,,,,
inositol,,,,,,,,,,,,,
dried parsley,,,,,,,,,,,,,
sodium chloride,,,,,,,,,,,,,
distilled white vinegar,,,,,,,,,,,,,
natural lemon flavor,,,,,,,,,,,,,
guar,,,,,,,,,,,,,
organic celery,,,,,,,,,,,,,
disodium edta,,,,,,,,,,,,,
organic extra virgin olive oil,,,,,,,,,,,,,
extractive of turmeric,,,,,,,,,,,,,
cultured whey,,,,,,,,,,,,,
cultured dextrose,,,,,,,,,,,,,
pumpkin seed,,,,,,,,,,,,,
pasteurized whole milk,,,,,,,,,,,,,
hydrogenated palm kernel oil,,,,,,,,,,,,,
strawberry juice concentrate,,,,,,,,,,,,,
dehydrated potato,,,,,,,,,,,,,
sodium carbonate,,,,,,,,,,,,,
part skim milk,,,,,,,,,,,,,
blackberry,,,,,,,,,,,,,
chicory root fiber,,,,,,,,,,,,,
organic tomato paste,,,,,,,,,,,,,
unsalted butter,,,,,,,,,,,,,
monopotassium phosphate,,,,,,,,,,,,,
maple syrup,,,,,,,,,,,,,
turkey breast,,,,,,,,,,,,,
food starch modified,,,,,,,,,,,,,
food starch,,,,,,,,,,,,,
maltitol syrup,,,,,,,,,,,,,
chili,,,,,,,,,,,,,
organic garlic powder,,,,,,,,,,,,,
partially hydrogenated vegetable shortening,,,,,,,,,,,,,
dried yeast,,,,,,,,,,,,,
lemon peel,,,,,,,,,,,,,
organic lemon juice concentrate,,,,,,,,,,,,,
papaya,,,,,,,,,,,,,
black tea,,,,,,,,,,,,,
mayonnaise,,,,,,,,,,,,,
flavor enhancer,,,,,,,,,,,,,
soda,,,,,,,,,,,,,
organic cinnamon,,,,,,,,,,,,,
stevia,,,,,,,,,,,,,
quinoa,,,,,,,,,,,,,
vegetable broth,,,,,,,,,,,,,
grain vinegar,,,,,,,,,,,,,
organic cocoa butter,,,,,,,,,,,,,
wheat germ,,,,,,,,,,,,,
juice concentrate,,,,,,,,,,,,,
caper,,,,,,,,,,,,,
distilled water,,,,,,,,,,,,,
salt enzyme,,,,,,,,,,,,,
orange juice,,,,,,,,,,,,,
organic whole wheat flour,,,,,,,,,,,,,
partially hydrogenated cottonseed,,,,,,,,,,,,,
dl-alpha tocopheryl acetate,,,,,,,,,,,,,
polyethylene glycol,,,,,,,,,,,,,
pinto bean,,,,,,,,,,,,,
sweeteners,,,,,,,,,,,,,
mechanically separated turkey,,,,,,,,,,,,,
natural hickory smoke flavor,,,,,,,,,,,,,
flaxseed,,,,,,,,,,,,,
carrot juice concentrate,,,,,,,,,,,,,
hydrolyzed vegetable protein,,,,,,,,,,,,,
artificial flavoring,,,,,,,,,,,,,
whole oat flour,,,,,,,,,,,,,
cornmeal,,,,,,,,,,,,,
fruit juice,,,,,,,,,,,,,
evaporated cane syrup,,,,,,,,,,,,,
potassium bicarbonate,,,,,,,,,,,,,
partially defatted peanut flour,,,,,,,,,,,,,
parsley flake,,,,,,,,,,,,,
ferrous gluconate,,,,,,,,,,,,,
allspice,,,,,,,,,,,,,
fd&c blue 1,,,,,,,,,,,,,
organic soybean oil,,,,,,,,,,,,,
white grape juice concentrate,,,,,,,,,,,,,
calcium citrate,,,,,,,,,,,,,
whole wheat,,,,,,,,,,,,,
asiago cheese,,,,,,,,,,,,,
ferrous lactate,,,,,,,,,,,,,
defatted soy flour,,,,,,,,,,,,,
organic basil,,,,,,,,,,,,,
seasoning blend,,,,,,,,,,,,,
modified starch,,,,,,,,,,,,,
pasta,,,,,,,,,,,,,
diced tomato in tomato juice,,,,,,,,,,,,,
pasteurized cream,,,,,,,,,,,,,
granola,,,,,,,,,,,,,
hypromellose,,,,,,,,,,,,,
graham flour,,,,,,,,,,,,,
chicory root extract,,,,,,,,,,,,,
yellow corn meal,,,,,,,,,,,,,
gum,,,,,,,,,,,,,
green pea,,,,,,,,,,,,,
crushed red pepper,,,,,,,,,,,,,
acesulfame k,,,,,,,,,,,,,
sweetener,,,,,,,,,,,,,
brominated vegetable oil,,,,,,,,,,,,,
soybean lecithin,,,,,,,,,,,,,
confectioners glaze,,,,,,,,,,,,,
sage,,,,,,,,,,,,,
carmine,,,,,,,,,,,,,
calcium stearoyl lactylate,,,,,,,,,,,,,
carbon dioxide,,,,,,,,,,,,,
other spices,,,,,,,,,,,,,
sulphur dioxide,,,,,,,,,,,,,
organic rolled oat,,,,,,,,,,,,,
degermed yellow corn meal,,,,,,,,,,,,,
potato flake,,,,,,,,,,,,,
acacia,,,,,,,,,,,,,
folate,,,,,,,,,,,,,
milk powder,,,,,,,,,,,,,
organic rice flour,,,,,,,,,,,,,
reduced lactose whey,,,,,,,,,,,,,
paprika oleoresin,,,,,,,,,,,,,
dried apple,,,,,,,,,,,,,
alpha tocopheryl acetate,,,,,,,,,,,,,
chickpea,,,,,,,,,,,,,
celery powder,,,,,,,,,,,,,
marjoram,,,,,,,,,,,,,
whey solids,,,,,,,,,,,,,
milk protein,,,,,,,,,,,,,
low moisture part skim mozzarella cheese,,,,,,,,,,,,,
slat,,,,,,,,,,,,,
phosphate,,,,,,,,,,,,,
titanium dioxide color,,,,,,,,,,,,,
lemon juice solids,,,,,,,,,,,,,
ammonium chloride,,,,,,,,,,,,,
palm oil with tbhq,,,,,,,,,,,,,
propylene glycol monostearate,,,,,,,,,,,,,
dried egg white,,,,,,,,,,,,,
bay leaf,,,,,,,,,,,,,
fd,,,,,,,,,,,,,
edta,,,,,,,,,,,,,
natural spice,,,,,,,,,,,,,
sardines,,,,,,,,,,,,,
organic cream,,,,,,,,,,,,,
grape juice,,,,,,,,,,,,,
non fat dry milk,,,,,,,,,,,,,
corn starch-modified,,,,,,,,,,,,,
apocarotenal,,,,,,,,,,,,,
reduced fat milk,,,,,,,,,,,,,
cow's milk,,,,,,,,,,,,,
yogurt culture,,,,,,,,,,,,,
pasteurized sheep's milk,,,,,,,,,,,,,
with tbhq,,,,,,,,,,,,,
organic brown rice,,,,,,,,,,,,,
chia seed,,,,,,,,,,,,,
contains phenylalanine,,,,,,,,,,,,,
apple puree concentrate,,,,,,,,,,,,,
cultured pasteurized nonfat milk,,,,,,,,,,,,,
l-carnitine,,,,,,,,,,,,,
high oleic canola oil,,,,,,,,,,,,,
bacterial culture,,,,,,,,,,,,,
semisweet chocolate chips,,,,,,,,,,,,,
mineral nutrient,,,,,,,,,,,,,
glucose-fructose syrup,,,,,,,,,,,,,
sweetened condensed milk,,,,,,,,,,,,,
red #3,,,,,,,,,,,,,
green chile,,,,,,,,,,,,,
lima beans,,,,,,,,,,,,,
aluminum sulfate,,,,,,,,,,,,,
pyridoxine hcl,,,,,,,,,,,,,
dehydrated red bell pepper,,,,,,,,,,,,,
potassium carbonate,,,,,,,,,,,,,
white meat chicken,,,,,,,,,,,,,
dijon mustard,,,,,,,,,,,,,
chocolate liquor processed with alkali,,,,,,,,,,,,,
disodium dihydrogen pyrophosphate,,,,,,,,,,,,,
buckwheat,,,,,,,,,,,,,
white rice flour,,,,,,,,,,,,,
nonfat milk powder,,,,,,,,,,,,,
concentrated lemon juice,,,,,,,,,,,,,
concentrate,,,,,,,,,,,,,
bleached enriched flour,,,,,,,,,,,,,
concentrated orange juice,,,,,,,,,,,,,
vinegar powder,,,,,,,,,,,,,
reb a,,,,,,,,,,,,,
interesterified soybean oil,,,,,,,,,,,,,
beef gelatin,,,,,,,,,,,,,
organic tapioca starch,,,,,,,,,,,,,
cherry juice concentrate,,,,,,,,,,,,,
hydrogenated coconut oil,,,,,,,,,,,,,
fish,,,,,,,,,,,,,
granulated onion,,,,,,,,,,,,,
organic guar gum,,,,,,,,,,,,,
organic apple juice concentrate,,,,,,,,,,,,,
organic unbleached wheat flour,,,,,,,,,,,,,
raising agent,,,,,,,,,,,,,
bean,,,,,,,,,,,,,
organic vanilla,,,,,,,,,,,,,
organic lemon juice,,,,,,,,,,,,,
natural vanilla,,,,,,,,,,,,,
dried potato,,,,,,,,,,,,,
bht. vitamins,,,,,,,,,,,,,
vegetable oil blend,,,,,,,,,,,,,
l-cysteine hydrochloride,,,,,,,,,,,,,
low-moisture part-skim mozzarella cheese,,,,,,,,,,,,,
whole rolled oat,,,,,,,,,,,,,
caramel coloring,,,,,,,,,,,,,
non fat milk,,,,,,,,,,,,,
shallot,,,,,,,,,,,,,
red chili pepper,,,,,,,,,,,,,
glycerol ester of rosin,,,,,,,,,,,,,
fresh basil,,,,,,,,,,,,,
fresh cucumber,,,,,,,,,,,,,
milled corn,,,,,,,,,,,,,
powder,,,,,,,,,,,,,
skimmed milk powder,,,,,,,,,,,,,
unbleached flour,,,,,,,,,,,,,
microbial enzyme,,,,,,,,,,,,,
rice bran oil,,,,,,,,,,,,,
live active cultures,,,,,,,,,,,,,
lard,,,,,,,,,,,,,
zucchini,,,,,,,,,,,,,
triticale,,,,,,,,,,,,,
tahini,,,,,,,,,,,,,
caraway seed,,,,,,,,,,,,,
sodium polyphosphate,,,,,,,,,,,,,
raspberry puree,,,,,,,,,,,,,
brown sugar syrup,,,,,,,,,,,,,
water chestnut,,,,,,,,,,,,,
non-fat milk,,,,,,,,,,,,,
natural mineral whitener,,,,,,,,,,,,,
fd&c yellow 6,,,,,,,,,,,,,
tomato sauce,,,,,,,,,,,,,
non-fat dry milk,,,,,,,,,,,,,
liquid soybean oil,,,,,,,,,,,,,
talc,,,,,,,,,,,,,
beef broth,,,,,,,,,,,,,
semisweet chocolate,,,,,,,,,,,,,
vegetable oil shortening,,,,,,,,,,,,,
pyrophosphate,,,,,,,,,,,,,
zinc gluconate,,,,,,,,,,,,,
arabic gum,,,,,,,,,,,,,
organic brown rice flour,,,,,,,,,,,,,
organic agave nectar,,,,,,,,,,,,,
pepperoni,,,,,,,,,,,,,
organic corn starch,,,,,,,,,,,,,
glucono delta lactone,,,,,,,,,,,,,
erythorbic acid,,,,,,,,,,,,,
crystalline fructose,,,,,,,,,,,,,
butterfat,,,,,,,,,,,,,
vegetable juice concentrate,,,,,,,,,,,,,
whole grain brown rice,,,,,,,,,,,,,
potassium metabisulfite,,,,,,,,,,,,,
leavening agents,,,,,,,,,,,,,
ham,,,,,,,,,,,,,
cultured pasteurized skim milk,,,,,,,,,,,,,
spinach powder,,,,,,,,,,,,,
pomegranate juice concentrate,,,,,,,,,,,,,
enzyme modified cheese,,,,,,,,,,,,,
pistachio,,,,,,,,,,,,,
partially hydrogenated coconut oil,,,,,,,,,,,,,
cultured wheat flour,,,,,,,,,,,,,
organic natural flavor,,,,,,,,,,,,,
cooked chicken meat,,,,,,,,,,,,,
lemongrass,,,,,,,,,,,,,
l-leucine,,,,,,,,,,,,,
partially hydrogenated palm kernel,,,,,,,,,,,,,
vitamin k1,,,,,,,,,,,,,
sodium silicoaluminate,,,,,,,,,,,,,
tree nut,,,,,,,,,,,,,
dill,,,,,,,,,,,,,
soy bean,,,,,,,,,,,,,
organic cane syrup,,,,,,,,,,,,,
propylene glycol mono,,,,,,,,,,,,,
cupric sulfate,,,,,,,,,,,,,
vitamin b9,,,,,,,,,,,,,
cheese sauce,,,,,,,,,,,,,
coconut milk,,,,,,,,,,,,,
potassium bromate,,,,,,,,,,,,,
beef flavor,,,,,,,,,,,,,
organic parsley,,,,,,,,,,,,,